Id,Email,Name,DOB,Country
ae8da2bf-69f6-5f40-a5e6-2f1fedb5cea6,ri@guete.co,Ricardo Wise,13/1/1973,AE
8e6fbab1-0244-5fc0-9619-8c1006e22afc,taefa@pob.sg,Eunice Hill,20/5/1972,AQ
9f38c275-2fa3-550b-b661-c7997de1b796,dun@ilokut.mu,Craig Rose,21/6/1988,CN
46c54bd7-fe10-5b7a-8796-f57f099a4376,si@him.ge,Lottie Sparks,22/12/1976,BO
fbc279e0-d944-533f-8470-2f7d58b46151,bujse@azgupdac.lv,Owen Norris,27/5/1980,CM
021e183f-bb6e-5459-9980-3f68e8a56d77,sulamfi@tu.vg,Gordon Vega,25/9/1982,MH
ec7be538-45ca-5121-804e-be7d0615e61a,os@fopsedus.au,Paul Barber,15/5/1971,FK
edaedaf9-298b-5840-b6d9-6dc0ed283d08,lap@vodoje.lt,Clifford Buchanan,16/2/1994,XK
f1eca50a-611f-5d3e-a249-52427e033ab8,bobiif@depu.ie,Teresa Jensen,19/10/1974,BF
9bb52ea3-f2e8-560e-9cf1-84814556c8e6,cafmiguti@sovdutu.ru,Bernice Zimmerman,11/2/1984,CR
5e96f016-81cb-5a3d-84eb-10f56c416b2c,juloha@pupiveefe.ag,Brent Perkins,8/11/1979,MR
a586b05c-cb45-5e0c-a270-371a6b2ecf6e,cokdojez@zigni.kz,Della Gregory,27/5/1972,PN
e2b64ff0-5a3d-5a92-b56b-e0ccde9b9526,asuzpa@zilnok.gn,Lilly Armstrong,18/4/1970,DJ
1a0e1837-8468-5b9b-a0b4-20fd0165f9ea,la@udmimu.sr,Virgie Lawrence,8/4/1982,GH
254c840d-f172-5479-a328-529744ee7d72,ewkigog@al.pl,Melvin Grant,22/6/1970,US
1ef0a8f3-eeef-5bf9-94ab-67a38ad75cae,gudajrom@hukom.gt,Gilbert Lawson,12/3/1970,PH
4e52de57-e752-56f9-aff4-0b59fef684c4,wenacma@pedo.jm,Lee Massey,1/9/1994,HR
26f37da1-ab19-59fb-b3a8-14a19ff05604,dialrib@teti.is,Julian Brady,26/10/1995,VC
b66bafde-8823-52dd-9be1-2fc223b3a35c,mo@rajuteg.aq,Gene Baker,25/3/1982,BT
d61a1aea-a5d7-50fa-a878-d45b9c4cf5e5,defuhwe@teskivfe.tl,Patrick Cohen,20/5/1997,PN
1884028f-8f14-509b-a035-6e8df3dfee56,esofiegi@jap.su,Mike Garner,12/3/1976,GY
dd9fd0c0-0381-57e6-aaed-b8b219ac74cf,gohmoor@revemguv.nl,Wayne Hale,6/11/1973,AE
01654b52-acb7-5f37-a058-7731d403b033,eh@ojheb.cw,Jane Fleming,16/6/1990,AQ
7430df57-f09d-5bb2-bb1a-ad7f24bfd46d,eju@capafba.bs,Patrick Griffin,12/11/1985,AF
8c925833-2130-539b-b991-94584ba3a802,godda@ziah.li,Dustin Bass,18/6/1995,VG